submission_name,raw_scores,processed_scores,cosine_scores,token_scores
harshil.py,0.41344219618980005,0.39458167330677296,0.26101228563592865,0.28656361474435194
sreehari.py,0.42691141798585386,0.37001127395715894,0.258411532288286,0.2990909090909091
hai_code.py,0.8699069286452947,0.992252429919707,0.999678509429676,0.9904988123515439
linybenny.py,0.445141065830721,0.40843720038350906,0.3453637631831288,0.32936979785969084
devanandos.py,0.4331683168316832,0.3610223642172524,0.2530799211191367,0.2746730083234245
arjun-ms,0.29939664993038273,0.2748729821853495,0.38734154313844943,0.16362159967519285
