submission_name,raw_scores,processed_scores,cosine_scores,token_scores
harshil.py,0.41358901515151514,0.3980067513261534,0.2982777013365105,0.2858837485172005
sreehari.py,0.42701928745894047,0.37205081669691475,0.31465434052579905,0.2990909090909091
hai_code.py,0.8698261589403974,0.9921327420969819,0.9996901968484334,0.990521327014218
