submission_name,raw_scores,processed_scores,cosine_scores,token_scores
new_code.py,1.0,1.0,1.0000000000000002,1.0
harshil.py,0.4142755513398151,0.3989044627033994,0.2626420158185922,0.283704572098476
sreehari.py,0.42752339994940547,0.37264258123153826,0.2610914021555667,0.3
hai_code.py,0.869447903694479,0.9921011058451816,0.9996483867362849,0.990632318501171
linybenny.py,0.4459899046550757,0.41163166397415185,0.34943228702661544,0.324736225087925
devanandos.py,0.4341155234657039,0.3655333693110272,0.25687769019079004,0.2731535756154748
arjun-ms,0.3039539775898339,0.28108465608465605,0.39604807857169166,0.16559226430298146
